{
  "image": "Screenshot 2026-01-16 205553.png",
  "objects": [
    {
      "type": "scale",
      "p1": [
        328.71562013798706,
        1176.817173719058
      ],
      "p2": [
        790.9004595895419,
        1176.817173719058
      ],
      "meters": 5.0
    },
    {
      "type": "measure",
      "p1": [
        611.5316957639835,
        437.5017007109678
      ],
      "p2": [
        668.3861164585942,
        437.5017007109678
      ],
      "meters": 0.62
    },
    {
      "type": "rect",
      "p1": [
        786.2550374108359,
        399.36763804994837
      ],
      "p2": [
        970.6852313714023,
        545.6637693494955
      ],
      "color": [
        255,
        200,
        50
      ],
      "width": 2
    }
  ]
}